boro,ad,candidate,votes
Bronx,AD 77,Aaron S. Foldenauer,444
Bronx,AD 77,Andrew Yang,1310
Bronx,AD 77,Art Chang,150
Bronx,AD 77,Dianne Morales,1036
Bronx,AD 77,Eric L. Adams,7584
Bronx,AD 77,Isaac Wright Jr.,112
Bronx,AD 77,Joycelyn Taylor,138
Bronx,AD 77,Kathryn A. Garcia,890
Bronx,AD 77,Maya D. Wiley,2374
Bronx,AD 77,Paperboy Love Prince,44
Bronx,AD 77,Raymond J. McGuire,384
Bronx,AD 77,Scott M. Stringer,502
Bronx,AD 77,Shaun Donovan,328
Bronx,AD 77,WRITE-IN,22
Bronx,AD 78,Aaron S. Foldenauer,312
Bronx,AD 78,Andrew Yang,1252
Bronx,AD 78,Art Chang,146
Bronx,AD 78,Dianne Morales,790
Bronx,AD 78,Eric L. Adams,5480
Bronx,AD 78,Isaac Wright Jr.,60
Bronx,AD 78,Joycelyn Taylor,76
Bronx,AD 78,Kathryn A. Garcia,1130
Bronx,AD 78,Maya D. Wiley,2170
Bronx,AD 78,Paperboy Love Prince,36
Bronx,AD 78,Raymond J. McGuire,280
Bronx,AD 78,Scott M. Stringer,568
Bronx,AD 78,Shaun Donovan,318
Bronx,AD 78,WRITE-IN,20
Bronx,AD 79,Aaron S. Foldenauer,340
Bronx,AD 79,Andrew Yang,1236
Bronx,AD 79,Art Chang,140
Bronx,AD 79,Dianne Morales,866
Bronx,AD 79,Eric L. Adams,9012
Bronx,AD 79,Isaac Wright Jr.,124
Bronx,AD 79,Joycelyn Taylor,108
Bronx,AD 79,Kathryn A. Garcia,840
Bronx,AD 79,Maya D. Wiley,2304
Bronx,AD 79,Paperboy Love Prince,30
Bronx,AD 79,Raymond J. McGuire,464
Bronx,AD 79,Scott M. Stringer,584
Bronx,AD 79,Shaun Donovan,362
Bronx,AD 79,WRITE-IN,26
Bronx,AD 80,Aaron S. Foldenauer,276
Bronx,AD 80,Andrew Yang,1660
Bronx,AD 80,Art Chang,96
Bronx,AD 80,Dianne Morales,580
Bronx,AD 80,Eric L. Adams,6320
Bronx,AD 80,Isaac Wright Jr.,64
Bronx,AD 80,Joycelyn Taylor,54
Bronx,AD 80,Kathryn A. Garcia,1462
Bronx,AD 80,Maya D. Wiley,3034
Bronx,AD 80,Paperboy Love Prince,40
Bronx,AD 80,Raymond J. McGuire,336
Bronx,AD 80,Scott M. Stringer,862
Bronx,AD 80,Shaun Donovan,446
Bronx,AD 80,WRITE-IN,54
Bronx,AD 81,Aaron S. Foldenauer,178
Bronx,AD 81,Andrew Yang,2662
Bronx,AD 81,Art Chang,222
Bronx,AD 81,Dianne Morales,740
Bronx,AD 81,Eric L. Adams,6786
Bronx,AD 81,Isaac Wright Jr.,40
Bronx,AD 81,Joycelyn Taylor,62
Bronx,AD 81,Kathryn A. Garcia,6614
Bronx,AD 81,Maya D. Wiley,5272
Bronx,AD 81,Paperboy Love Prince,84
Bronx,AD 81,Raymond J. McGuire,602
Bronx,AD 81,Scott M. Stringer,2100
Bronx,AD 81,Shaun Donovan,840
Bronx,AD 81,WRITE-IN,54
Bronx,AD 82,Aaron S. Foldenauer,204
Bronx,AD 82,Andrew Yang,2148
Bronx,AD 82,Art Chang,148
Bronx,AD 82,Dianne Morales,678
Bronx,AD 82,Eric L. Adams,9532
Bronx,AD 82,Isaac Wright Jr.,72
Bronx,AD 82,Joycelyn Taylor,76
Bronx,AD 82,Kathryn A. Garcia,2690
Bronx,AD 82,Maya D. Wiley,3938
Bronx,AD 82,Paperboy Love Prince,68
Bronx,AD 82,Raymond J. McGuire,672
Bronx,AD 82,Scott M. Stringer,1402
Bronx,AD 82,Shaun Donovan,788
Bronx,AD 82,WRITE-IN,72
Bronx,AD 83,Aaron S. Foldenauer,184
Bronx,AD 83,Andrew Yang,1046
Bronx,AD 83,Art Chang,60
Bronx,AD 83,Dianne Morales,336
Bronx,AD 83,Eric L. Adams,12772
Bronx,AD 83,Isaac Wright Jr.,110
Bronx,AD 83,Joycelyn Taylor,64
Bronx,AD 83,Kathryn A. Garcia,694
Bronx,AD 83,Maya D. Wiley,4008
Bronx,AD 83,Paperboy Love Prince,26
Bronx,AD 83,Raymond J. McGuire,522
Bronx,AD 83,Scott M. Stringer,612
Bronx,AD 83,Shaun Donovan,528
Bronx,AD 83,WRITE-IN,26
Bronx,AD 84,Aaron S. Foldenauer,436
Bronx,AD 84,Andrew Yang,1296
Bronx,AD 84,Art Chang,168
Bronx,AD 84,Dianne Morales,1014
Bronx,AD 84,Eric L. Adams,6900
Bronx,AD 84,Isaac Wright Jr.,100
Bronx,AD 84,Joycelyn Taylor,84
Bronx,AD 84,Kathryn A. Garcia,1066
Bronx,AD 84,Maya D. Wiley,2208
Bronx,AD 84,Paperboy Love Prince,32
Bronx,AD 84,Raymond J. McGuire,348
Bronx,AD 84,Scott M. Stringer,516
Bronx,AD 84,Shaun Donovan,290
Bronx,AD 84,WRITE-IN,24
Bronx,AD 85,Aaron S. Foldenauer,236
Bronx,AD 85,Andrew Yang,1148
Bronx,AD 85,Art Chang,92
Bronx,AD 85,Dianne Morales,640
Bronx,AD 85,Eric L. Adams,6168
Bronx,AD 85,Isaac Wright Jr.,52
Bronx,AD 85,Joycelyn Taylor,50
Bronx,AD 85,Kathryn A. Garcia,806
Bronx,AD 85,Maya D. Wiley,1778
Bronx,AD 85,Paperboy Love Prince,24
Bronx,AD 85,Raymond J. McGuire,264
Bronx,AD 85,Scott M. Stringer,446
Bronx,AD 85,Shaun Donovan,300
Bronx,AD 85,WRITE-IN,24
Bronx,AD 86,Aaron S. Foldenauer,458
Bronx,AD 86,Andrew Yang,1198
Bronx,AD 86,Art Chang,152
Bronx,AD 86,Dianne Morales,1002
Bronx,AD 86,Eric L. Adams,6440
Bronx,AD 86,Isaac Wright Jr.,94
Bronx,AD 86,Joycelyn Taylor,112
Bronx,AD 86,Kathryn A. Garcia,872
Bronx,AD 86,Maya D. Wiley,1626
Bronx,AD 86,Paperboy Love Prince,20
Bronx,AD 86,Raymond J. McGuire,296
Bronx,AD 86,Scott M. Stringer,408
Bronx,AD 86,Shaun Donovan,288
Bronx,AD 86,WRITE-IN,24
Bronx,AD 87,Aaron S. Foldenauer,464
Bronx,AD 87,Andrew Yang,1798
Bronx,AD 87,Art Chang,146
Bronx,AD 87,Dianne Morales,916
Bronx,AD 87,Eric L. Adams,8630
Bronx,AD 87,Isaac Wright Jr.,98
Bronx,AD 87,Joycelyn Taylor,102
Bronx,AD 87,Kathryn A. Garcia,1472
Bronx,AD 87,Maya D. Wiley,3180
Bronx,AD 87,Paperboy Love Prince,50
Bronx,AD 87,Raymond J. McGuire,540
Bronx,AD 87,Scott M. Stringer,998
Bronx,AD 87,Shaun Donovan,562
Bronx,AD 87,WRITE-IN,44
Kings,AD 41,Aaron S. Foldenauer,124
Kings,AD 41,Andrew Yang,2910
Kings,AD 41,Art Chang,110
Kings,AD 41,Dianne Morales,236
Kings,AD 41,Eric L. Adams,11430
Kings,AD 41,Isaac Wright Jr.,48
Kings,AD 41,Joycelyn Taylor,50
Kings,AD 41,Kathryn A. Garcia,1902
Kings,AD 41,Maya D. Wiley,2330
Kings,AD 41,Paperboy Love Prince,62
Kings,AD 41,Raymond J. McGuire,314
Kings,AD 41,Scott M. Stringer,1008
Kings,AD 41,Shaun Donovan,422
Kings,AD 41,WRITE-IN,64
Kings,AD 42,Aaron S. Foldenauer,158
Kings,AD 42,Andrew Yang,1514
Kings,AD 42,Art Chang,120
Kings,AD 42,Dianne Morales,580
Kings,AD 42,Eric L. Adams,16306
Kings,AD 42,Isaac Wright Jr.,54
Kings,AD 42,Joycelyn Taylor,88
Kings,AD 42,Kathryn A. Garcia,2598
Kings,AD 42,Maya D. Wiley,7998
Kings,AD 42,Paperboy Love Prince,138
Kings,AD 42,Raymond J. McGuire,424
Kings,AD 42,Scott M. Stringer,960
Kings,AD 42,Shaun Donovan,406
Kings,AD 42,WRITE-IN,38
Kings,AD 43,Aaron S. Foldenauer,156
Kings,AD 43,Andrew Yang,1150
Kings,AD 43,Art Chang,156
Kings,AD 43,Dianne Morales,846
Kings,AD 43,Eric L. Adams,21072
Kings,AD 43,Isaac Wright Jr.,102
Kings,AD 43,Joycelyn Taylor,98
Kings,AD 43,Kathryn A. Garcia,3058
Kings,AD 43,Maya D. Wiley,12210
Kings,AD 43,Paperboy Love Prince,234
Kings,AD 43,Raymond J. McGuire,442
Kings,AD 43,Scott M. Stringer,1044
Kings,AD 43,Shaun Donovan,442
Kings,AD 43,WRITE-IN,14
Kings,AD 44,Aaron S. Foldenauer,318
Kings,AD 44,Andrew Yang,4064
Kings,AD 44,Art Chang,242
Kings,AD 44,Dianne Morales,1146
Kings,AD 44,Eric L. Adams,6286
Kings,AD 44,Isaac Wright Jr.,24
Kings,AD 44,Joycelyn Taylor,60
Kings,AD 44,Kathryn A. Garcia,12548
Kings,AD 44,Maya D. Wiley,13254
Kings,AD 44,Paperboy Love Prince,176
Kings,AD 44,Raymond J. McGuire,386
Kings,AD 44,Scott M. Stringer,2228
Kings,AD 44,Shaun Donovan,434
Kings,AD 44,WRITE-IN,50
Kings,AD 45,Aaron S. Foldenauer,178
Kings,AD 45,Andrew Yang,2568
Kings,AD 45,Art Chang,88
Kings,AD 45,Dianne Morales,210
Kings,AD 45,Eric L. Adams,4612
Kings,AD 45,Isaac Wright Jr.,22
Kings,AD 45,Joycelyn Taylor,18
Kings,AD 45,Kathryn A. Garcia,1328
Kings,AD 45,Maya D. Wiley,836
Kings,AD 45,Paperboy Love Prince,44
Kings,AD 45,Raymond J. McGuire,120
Kings,AD 45,Scott M. Stringer,644
Kings,AD 45,Shaun Donovan,194
Kings,AD 45,WRITE-IN,46
Kings,AD 46,Aaron S. Foldenauer,188
Kings,AD 46,Andrew Yang,2596
Kings,AD 46,Art Chang,146
Kings,AD 46,Dianne Morales,438
Kings,AD 46,Eric L. Adams,4604
Kings,AD 46,Isaac Wright Jr.,42
Kings,AD 46,Joycelyn Taylor,60
Kings,AD 46,Kathryn A. Garcia,2968
Kings,AD 46,Maya D. Wiley,2264
Kings,AD 46,Paperboy Love Prince,60
Kings,AD 46,Raymond J. McGuire,274
Kings,AD 46,Scott M. Stringer,1010
Kings,AD 46,Shaun Donovan,374
Kings,AD 46,WRITE-IN,52
Kings,AD 47,Aaron S. Foldenauer,152
Kings,AD 47,Andrew Yang,4602
Kings,AD 47,Art Chang,114
Kings,AD 47,Dianne Morales,296
Kings,AD 47,Eric L. Adams,1820
Kings,AD 47,Isaac Wright Jr.,16
Kings,AD 47,Joycelyn Taylor,44
Kings,AD 47,Kathryn A. Garcia,1216
Kings,AD 47,Maya D. Wiley,1038
Kings,AD 47,Paperboy Love Prince,36
Kings,AD 47,Raymond J. McGuire,100
Kings,AD 47,Scott M. Stringer,610
Kings,AD 47,Shaun Donovan,208
Kings,AD 47,WRITE-IN,50
Kings,AD 48,Aaron S. Foldenauer,112
Kings,AD 48,Andrew Yang,8010
Kings,AD 48,Art Chang,60
Kings,AD 48,Dianne Morales,140
Kings,AD 48,Eric L. Adams,6394
Kings,AD 48,Isaac Wright Jr.,26
Kings,AD 48,Joycelyn Taylor,42
Kings,AD 48,Kathryn A. Garcia,674
Kings,AD 48,Maya D. Wiley,630
Kings,AD 48,Paperboy Love Prince,34
Kings,AD 48,Raymond J. McGuire,156
Kings,AD 48,Scott M. Stringer,426
Kings,AD 48,Shaun Donovan,94
Kings,AD 48,WRITE-IN,66
Kings,AD 49,Aaron S. Foldenauer,96
Kings,AD 49,Andrew Yang,4226
Kings,AD 49,Art Chang,154
Kings,AD 49,Dianne Morales,250
Kings,AD 49,Eric L. Adams,1504
Kings,AD 49,Isaac Wright Jr.,16
Kings,AD 49,Joycelyn Taylor,28
Kings,AD 49,Kathryn A. Garcia,1144
Kings,AD 49,Maya D. Wiley,904
Kings,AD 49,Paperboy Love Prince,34
Kings,AD 49,Raymond J. McGuire,90
Kings,AD 49,Scott M. Stringer,382
Kings,AD 49,Shaun Donovan,164
Kings,AD 49,WRITE-IN,26
Kings,AD 50,Aaron S. Foldenauer,62
Kings,AD 50,Andrew Yang,8068
Kings,AD 50,Art Chang,260
Kings,AD 50,Dianne Morales,934
Kings,AD 50,Eric L. Adams,5292
Kings,AD 50,Isaac Wright Jr.,34
Kings,AD 50,Joycelyn Taylor,86
Kings,AD 50,Kathryn A. Garcia,6714
Kings,AD 50,Maya D. Wiley,13078
Kings,AD 50,Paperboy Love Prince,304
Kings,AD 50,Raymond J. McGuire,396
Kings,AD 50,Scott M. Stringer,938
Kings,AD 50,Shaun Donovan,378
Kings,AD 50,WRITE-IN,100
Kings,AD 51,Aaron S. Foldenauer,190
Kings,AD 51,Andrew Yang,2558
Kings,AD 51,Art Chang,166
Kings,AD 51,Dianne Morales,948
Kings,AD 51,Eric L. Adams,3646
Kings,AD 51,Isaac Wright Jr.,30
Kings,AD 51,Joycelyn Taylor,44
Kings,AD 51,Kathryn A. Garcia,4382
Kings,AD 51,Maya D. Wiley,6528
Kings,AD 51,Paperboy Love Prince,236
Kings,AD 51,Raymond J. McGuire,180
Kings,AD 51,Scott M. Stringer,698
Kings,AD 51,Shaun Donovan,258
Kings,AD 51,WRITE-IN,28
Kings,AD 52,Aaron S. Foldenauer,90
Kings,AD 52,Andrew Yang,3544
Kings,AD 52,Art Chang,438
Kings,AD 52,Dianne Morales,1222
Kings,AD 52,Eric L. Adams,6658
Kings,AD 52,Isaac Wright Jr.,40
Kings,AD 52,Joycelyn Taylor,72
Kings,AD 52,Kathryn A. Garcia,27250
Kings,AD 52,Maya D. Wiley,22140
Kings,AD 52,Paperboy Love Prince,394
Kings,AD 52,Raymond J. McGuire,1166
Kings,AD 52,Scott M. Stringer,2778
Kings,AD 52,Shaun Donovan,1082
Kings,AD 52,WRITE-IN,28
Kings,AD 53,Aaron S. Foldenauer,216
Kings,AD 53,Andrew Yang,2816
Kings,AD 53,Art Chang,206
Kings,AD 53,Dianne Morales,1424
Kings,AD 53,Eric L. Adams,5256
Kings,AD 53,Isaac Wright Jr.,38
Kings,AD 53,Joycelyn Taylor,66
Kings,AD 53,Kathryn A. Garcia,3282
Kings,AD 53,Maya D. Wiley,10518
Kings,AD 53,Paperboy Love Prince,510
Kings,AD 53,Raymond J. McGuire,194
Kings,AD 53,Scott M. Stringer,720
Kings,AD 53,Shaun Donovan,282
Kings,AD 53,WRITE-IN,48
Kings,AD 54,Aaron S. Foldenauer,238
Kings,AD 54,Andrew Yang,1296
Kings,AD 54,Art Chang,124
Kings,AD 54,Dianne Morales,952
Kings,AD 54,Eric L. Adams,7342
Kings,AD 54,Isaac Wright Jr.,62
Kings,AD 54,Joycelyn Taylor,90
Kings,AD 54,Kathryn A. Garcia,1322
Kings,AD 54,Maya D. Wiley,5168
Kings,AD 54,Paperboy Love Prince,226
Kings,AD 54,Raymond J. McGuire,340
Kings,AD 54,Scott M. Stringer,530
Kings,AD 54,Shaun Donovan,240
Kings,AD 54,WRITE-IN,30
Kings,AD 55,Aaron S. Foldenauer,186
Kings,AD 55,Andrew Yang,692
Kings,AD 55,Art Chang,48
Kings,AD 55,Dianne Morales,488
Kings,AD 55,Eric L. Adams,15716
Kings,AD 55,Isaac Wright Jr.,102
Kings,AD 55,Joycelyn Taylor,72
Kings,AD 55,Kathryn A. Garcia,788
Kings,AD 55,Maya D. Wiley,4304
Kings,AD 55,Paperboy Love Prince,86
Kings,AD 55,Raymond J. McGuire,392
Kings,AD 55,Scott M. Stringer,464
Kings,AD 55,Shaun Donovan,300
Kings,AD 55,WRITE-IN,14
Kings,AD 56,Aaron S. Foldenauer,156
Kings,AD 56,Andrew Yang,1156
Kings,AD 56,Art Chang,194
Kings,AD 56,Dianne Morales,980
Kings,AD 56,Eric L. Adams,15992
Kings,AD 56,Isaac Wright Jr.,114
Kings,AD 56,Joycelyn Taylor,112
Kings,AD 56,Kathryn A. Garcia,2696
Kings,AD 56,Maya D. Wiley,12058
Kings,AD 56,Paperboy Love Prince,310
Kings,AD 56,Raymond J. McGuire,542
Kings,AD 56,Scott M. Stringer,780
Kings,AD 56,Shaun Donovan,356
Kings,AD 56,WRITE-IN,22
Kings,AD 57,Aaron S. Foldenauer,142
Kings,AD 57,Andrew Yang,2542
Kings,AD 57,Art Chang,374
Kings,AD 57,Dianne Morales,1468
Kings,AD 57,Eric L. Adams,14948
Kings,AD 57,Isaac Wright Jr.,98
Kings,AD 57,Joycelyn Taylor,146
Kings,AD 57,Kathryn A. Garcia,10874
Kings,AD 57,Maya D. Wiley,24378
Kings,AD 57,Paperboy Love Prince,366
Kings,AD 57,Raymond J. McGuire,726
Kings,AD 57,Scott M. Stringer,1602
Kings,AD 57,Shaun Donovan,748
Kings,AD 57,WRITE-IN,40
Kings,AD 58,Aaron S. Foldenauer,114
Kings,AD 58,Andrew Yang,806
Kings,AD 58,Art Chang,46
Kings,AD 58,Dianne Morales,256
Kings,AD 58,Eric L. Adams,21678
Kings,AD 58,Isaac Wright Jr.,104
Kings,AD 58,Joycelyn Taylor,76
Kings,AD 58,Kathryn A. Garcia,510
Kings,AD 58,Maya D. Wiley,4352
Kings,AD 58,Paperboy Love Prince,32
Kings,AD 58,Raymond J. McGuire,484
Kings,AD 58,Scott M. Stringer,760
Kings,AD 58,Shaun Donovan,416
Kings,AD 58,WRITE-IN,10
Kings,AD 59,Aaron S. Foldenauer,138
Kings,AD 59,Andrew Yang,1804
Kings,AD 59,Art Chang,56
Kings,AD 59,Dianne Morales,292
Kings,AD 59,Eric L. Adams,16410
Kings,AD 59,Isaac Wright Jr.,82
Kings,AD 59,Joycelyn Taylor,58
Kings,AD 59,Kathryn A. Garcia,1732
Kings,AD 59,Maya D. Wiley,3378
Kings,AD 59,Paperboy Love Prince,54
Kings,AD 59,Raymond J. McGuire,400
Kings,AD 59,Scott M. Stringer,1094
Kings,AD 59,Shaun Donovan,456
Kings,AD 59,WRITE-IN,42
Kings,AD 60,Aaron S. Foldenauer,276
Kings,AD 60,Andrew Yang,916
Kings,AD 60,Art Chang,82
Kings,AD 60,Dianne Morales,440
Kings,AD 60,Eric L. Adams,18214
Kings,AD 60,Isaac Wright Jr.,126
Kings,AD 60,Joycelyn Taylor,106
Kings,AD 60,Kathryn A. Garcia,524
Kings,AD 60,Maya D. Wiley,3124
Kings,AD 60,Paperboy Love Prince,30
Kings,AD 60,Raymond J. McGuire,500
Kings,AD 60,Scott M. Stringer,676
Kings,AD 60,Shaun Donovan,362
Kings,AD 60,WRITE-IN,34
Kings,AD 64,Aaron S. Foldenauer,32
Kings,AD 64,Andrew Yang,610
Kings,AD 64,Art Chang,32
Kings,AD 64,Dianne Morales,146
Kings,AD 64,Eric L. Adams,766
Kings,AD 64,Isaac Wright Jr.,0
Kings,AD 64,Joycelyn Taylor,8
Kings,AD 64,Kathryn A. Garcia,1294
Kings,AD 64,Maya D. Wiley,1012
Kings,AD 64,Paperboy Love Prince,14
Kings,AD 64,Raymond J. McGuire,92
Kings,AD 64,Scott M. Stringer,268
Kings,AD 64,Shaun Donovan,106
Kings,AD 64,WRITE-IN,8
New York,AD 65,Aaron S. Foldenauer,196
New York,AD 65,Andrew Yang,8376
New York,AD 65,Art Chang,266
New York,AD 65,Dianne Morales,860
New York,AD 65,Eric L. Adams,4520
New York,AD 65,Isaac Wright Jr.,46
New York,AD 65,Joycelyn Taylor,62
New York,AD 65,Kathryn A. Garcia,7090
New York,AD 65,Maya D. Wiley,6482
New York,AD 65,Paperboy Love Prince,166
New York,AD 65,Raymond J. McGuire,646
New York,AD 65,Scott M. Stringer,1750
New York,AD 65,Shaun Donovan,576
New York,AD 65,WRITE-IN,44
New York,AD 66,Aaron S. Foldenauer,60
New York,AD 66,Andrew Yang,3794
New York,AD 66,Art Chang,172
New York,AD 66,Dianne Morales,572
New York,AD 66,Eric L. Adams,4310
New York,AD 66,Isaac Wright Jr.,16
New York,AD 66,Joycelyn Taylor,36
New York,AD 66,Kathryn A. Garcia,17260
New York,AD 66,Maya D. Wiley,9782
New York,AD 66,Paperboy Love Prince,144
New York,AD 66,Raymond J. McGuire,1812
New York,AD 66,Scott M. Stringer,2536
New York,AD 66,Shaun Donovan,868
New York,AD 66,WRITE-IN,26
New York,AD 67,Aaron S. Foldenauer,72
New York,AD 67,Andrew Yang,4766
New York,AD 67,Art Chang,238
New York,AD 67,Dianne Morales,694
New York,AD 67,Eric L. Adams,6626
New York,AD 67,Isaac Wright Jr.,22
New York,AD 67,Joycelyn Taylor,48
New York,AD 67,Kathryn A. Garcia,22278
New York,AD 67,Maya D. Wiley,9008
New York,AD 67,Paperboy Love Prince,138
New York,AD 67,Raymond J. McGuire,1974
New York,AD 67,Scott M. Stringer,4192
New York,AD 67,Shaun Donovan,1100
New York,AD 67,WRITE-IN,38
New York,AD 68,Aaron S. Foldenauer,360
New York,AD 68,Andrew Yang,2406
New York,AD 68,Art Chang,174
New York,AD 68,Dianne Morales,1306
New York,AD 68,Eric L. Adams,9224
New York,AD 68,Isaac Wright Jr.,120
New York,AD 68,Joycelyn Taylor,96
New York,AD 68,Kathryn A. Garcia,4364
New York,AD 68,Maya D. Wiley,6338
New York,AD 68,Paperboy Love Prince,94
New York,AD 68,Raymond J. McGuire,980
New York,AD 68,Scott M. Stringer,1478
New York,AD 68,Shaun Donovan,694
New York,AD 68,WRITE-IN,28
New York,AD 69,Aaron S. Foldenauer,180
New York,AD 69,Andrew Yang,3208
New York,AD 69,Art Chang,196
New York,AD 69,Dianne Morales,984
New York,AD 69,Eric L. Adams,6750
New York,AD 69,Isaac Wright Jr.,56
New York,AD 69,Joycelyn Taylor,70
New York,AD 69,Kathryn A. Garcia,18704
New York,AD 69,Maya D. Wiley,10912
New York,AD 69,Paperboy Love Prince,100
New York,AD 69,Raymond J. McGuire,1436
New York,AD 69,Scott M. Stringer,4442
New York,AD 69,Shaun Donovan,1058
New York,AD 69,WRITE-IN,34
New York,AD 70,Aaron S. Foldenauer,296
New York,AD 70,Andrew Yang,1854
New York,AD 70,Art Chang,236
New York,AD 70,Dianne Morales,1200
New York,AD 70,Eric L. Adams,14334
New York,AD 70,Isaac Wright Jr.,194
New York,AD 70,Joycelyn Taylor,132
New York,AD 70,Kathryn A. Garcia,5318
New York,AD 70,Maya D. Wiley,12388
New York,AD 70,Paperboy Love Prince,138
New York,AD 70,Raymond J. McGuire,1384
New York,AD 70,Scott M. Stringer,1730
New York,AD 70,Shaun Donovan,752
New York,AD 70,WRITE-IN,38
New York,AD 71,Aaron S. Foldenauer,442
New York,AD 71,Andrew Yang,2104
New York,AD 71,Art Chang,304
New York,AD 71,Dianne Morales,1492
New York,AD 71,Eric L. Adams,11386
New York,AD 71,Isaac Wright Jr.,150
New York,AD 71,Joycelyn Taylor,136
New York,AD 71,Kathryn A. Garcia,6590
New York,AD 71,Maya D. Wiley,11006
New York,AD 71,Paperboy Love Prince,146
New York,AD 71,Raymond J. McGuire,806
New York,AD 71,Scott M. Stringer,2124
New York,AD 71,Shaun Donovan,734
New York,AD 71,WRITE-IN,22
New York,AD 72,Aaron S. Foldenauer,564
New York,AD 72,Andrew Yang,1900
New York,AD 72,Art Chang,242
New York,AD 72,Dianne Morales,1488
New York,AD 72,Eric L. Adams,8032
New York,AD 72,Isaac Wright Jr.,80
New York,AD 72,Joycelyn Taylor,106
New York,AD 72,Kathryn A. Garcia,4094
New York,AD 72,Maya D. Wiley,6392
New York,AD 72,Paperboy Love Prince,124
New York,AD 72,Raymond J. McGuire,312
New York,AD 72,Scott M. Stringer,1676
New York,AD 72,Shaun Donovan,398
New York,AD 72,WRITE-IN,48
New York,AD 73,Aaron S. Foldenauer,36
New York,AD 73,Andrew Yang,3814
New York,AD 73,Art Chang,120
New York,AD 73,Dianne Morales,292
New York,AD 73,Eric L. Adams,5540
New York,AD 73,Isaac Wright Jr.,12
New York,AD 73,Joycelyn Taylor,26
New York,AD 73,Kathryn A. Garcia,14564
New York,AD 73,Maya D. Wiley,4404
New York,AD 73,Paperboy Love Prince,38
New York,AD 73,Raymond J. McGuire,2870
New York,AD 73,Scott M. Stringer,1796
New York,AD 73,Shaun Donovan,1044
New York,AD 73,WRITE-IN,30
New York,AD 74,Aaron S. Foldenauer,130
New York,AD 74,Andrew Yang,4090
New York,AD 74,Art Chang,190
New York,AD 74,Dianne Morales,930
New York,AD 74,Eric L. Adams,5142
New York,AD 74,Isaac Wright Jr.,36
New York,AD 74,Joycelyn Taylor,64
New York,AD 74,Kathryn A. Garcia,12156
New York,AD 74,Maya D. Wiley,8530
New York,AD 74,Paperboy Love Prince,126
New York,AD 74,Raymond J. McGuire,870
New York,AD 74,Scott M. Stringer,2466
New York,AD 74,Shaun Donovan,922
New York,AD 74,WRITE-IN,54
New York,AD 75,Aaron S. Foldenauer,78
New York,AD 75,Andrew Yang,4470
New York,AD 75,Art Chang,226
New York,AD 75,Dianne Morales,614
New York,AD 75,Eric L. Adams,5052
New York,AD 75,Isaac Wright Jr.,28
New York,AD 75,Joycelyn Taylor,40
New York,AD 75,Kathryn A. Garcia,14888
New York,AD 75,Maya D. Wiley,8606
New York,AD 75,Paperboy Love Prince,108
New York,AD 75,Raymond J. McGuire,1348
New York,AD 75,Scott M. Stringer,2930
New York,AD 75,Shaun Donovan,1094
New York,AD 75,WRITE-IN,68
New York,AD 76,Aaron S. Foldenauer,84
New York,AD 76,Andrew Yang,3982
New York,AD 76,Art Chang,150
New York,AD 76,Dianne Morales,460
New York,AD 76,Eric L. Adams,5260
New York,AD 76,Isaac Wright Jr.,22
New York,AD 76,Joycelyn Taylor,52
New York,AD 76,Kathryn A. Garcia,15116
New York,AD 76,Maya D. Wiley,6704
New York,AD 76,Paperboy Love Prince,122
New York,AD 76,Raymond J. McGuire,1740
New York,AD 76,Scott M. Stringer,2200
New York,AD 76,Shaun Donovan,1074
New York,AD 76,WRITE-IN,44
Queens,AD 23,Aaron S. Foldenauer,160
Queens,AD 23,Andrew Yang,2580
Queens,AD 23,Art Chang,122
Queens,AD 23,Dianne Morales,458
Queens,AD 23,Eric L. Adams,7896
Queens,AD 23,Isaac Wright Jr.,46
Queens,AD 23,Joycelyn Taylor,56
Queens,AD 23,Kathryn A. Garcia,3364
Queens,AD 23,Maya D. Wiley,2048
Queens,AD 23,Paperboy Love Prince,74
Queens,AD 23,Raymond J. McGuire,528
Queens,AD 23,Scott M. Stringer,1076
Queens,AD 23,Shaun Donovan,544
Queens,AD 23,WRITE-IN,84
Queens,AD 24,Aaron S. Foldenauer,378
Queens,AD 24,Andrew Yang,3394
Queens,AD 24,Art Chang,218
Queens,AD 24,Dianne Morales,628
Queens,AD 24,Eric L. Adams,5626
Queens,AD 24,Isaac Wright Jr.,54
Queens,AD 24,Joycelyn Taylor,82
Queens,AD 24,Kathryn A. Garcia,2912
Queens,AD 24,Maya D. Wiley,2786
Queens,AD 24,Paperboy Love Prince,50
Queens,AD 24,Raymond J. McGuire,420
Queens,AD 24,Scott M. Stringer,1396
Queens,AD 24,Shaun Donovan,674
Queens,AD 24,WRITE-IN,32
Queens,AD 25,Aaron S. Foldenauer,116
Queens,AD 25,Andrew Yang,6326
Queens,AD 25,Art Chang,306
Queens,AD 25,Dianne Morales,326
Queens,AD 25,Eric L. Adams,3344
Queens,AD 25,Isaac Wright Jr.,18
Queens,AD 25,Joycelyn Taylor,38
Queens,AD 25,Kathryn A. Garcia,2220
Queens,AD 25,Maya D. Wiley,1730
Queens,AD 25,Paperboy Love Prince,28
Queens,AD 25,Raymond J. McGuire,232
Queens,AD 25,Scott M. Stringer,892
Queens,AD 25,Shaun Donovan,392
Queens,AD 25,WRITE-IN,52
Queens,AD 26,Aaron S. Foldenauer,88
Queens,AD 26,Andrew Yang,5670
Queens,AD 26,Art Chang,448
Queens,AD 26,Dianne Morales,290
Queens,AD 26,Eric L. Adams,3466
Queens,AD 26,Isaac Wright Jr.,20
Queens,AD 26,Joycelyn Taylor,32
Queens,AD 26,Kathryn A. Garcia,4788
Queens,AD 26,Maya D. Wiley,2064
Queens,AD 26,Paperboy Love Prince,80
Queens,AD 26,Raymond J. McGuire,466
Queens,AD 26,Scott M. Stringer,1878
Queens,AD 26,Shaun Donovan,688
Queens,AD 26,WRITE-IN,56
Queens,AD 27,Aaron S. Foldenauer,186
Queens,AD 27,Andrew Yang,4790
Queens,AD 27,Art Chang,184
Queens,AD 27,Dianne Morales,406
Queens,AD 27,Eric L. Adams,5304
Queens,AD 27,Isaac Wright Jr.,16
Queens,AD 27,Joycelyn Taylor,28
Queens,AD 27,Kathryn A. Garcia,3020
Queens,AD 27,Maya D. Wiley,2416
Queens,AD 27,Paperboy Love Prince,56
Queens,AD 27,Raymond J. McGuire,346
Queens,AD 27,Scott M. Stringer,1306
Queens,AD 27,Shaun Donovan,530
Queens,AD 27,WRITE-IN,44
Queens,AD 28,Aaron S. Foldenauer,142
Queens,AD 28,Andrew Yang,4796
Queens,AD 28,Art Chang,164
Queens,AD 28,Dianne Morales,496
Queens,AD 28,Eric L. Adams,4376
Queens,AD 28,Isaac Wright Jr.,30
Queens,AD 28,Joycelyn Taylor,40
Queens,AD 28,Kathryn A. Garcia,6580
Queens,AD 28,Maya D. Wiley,3994
Queens,AD 28,Paperboy Love Prince,74
Queens,AD 28,Raymond J. McGuire,454
Queens,AD 28,Scott M. Stringer,1694
Queens,AD 28,Shaun Donovan,644
Queens,AD 28,WRITE-IN,58
Queens,AD 29,Aaron S. Foldenauer,252
Queens,AD 29,Andrew Yang,1356
Queens,AD 29,Art Chang,94
Queens,AD 29,Dianne Morales,468
Queens,AD 29,Eric L. Adams,17060
Queens,AD 29,Isaac Wright Jr.,88
Queens,AD 29,Joycelyn Taylor,78
Queens,AD 29,Kathryn A. Garcia,830
Queens,AD 29,Maya D. Wiley,4782
Queens,AD 29,Paperboy Love Prince,32
Queens,AD 29,Raymond J. McGuire,848
Queens,AD 29,Scott M. Stringer,842
Queens,AD 29,Shaun Donovan,674
Queens,AD 29,WRITE-IN,12
Queens,AD 30,Aaron S. Foldenauer,234
Queens,AD 30,Andrew Yang,3742
Queens,AD 30,Art Chang,286
Queens,AD 30,Dianne Morales,684
Queens,AD 30,Eric L. Adams,3532
Queens,AD 30,Isaac Wright Jr.,32
Queens,AD 30,Joycelyn Taylor,62
Queens,AD 30,Kathryn A. Garcia,4008
Queens,AD 30,Maya D. Wiley,4038
Queens,AD 30,Paperboy Love Prince,90
Queens,AD 30,Raymond J. McGuire,360
Queens,AD 30,Scott M. Stringer,1044
Queens,AD 30,Shaun Donovan,670
Queens,AD 30,WRITE-IN,74
Queens,AD 31,Aaron S. Foldenauer,120
Queens,AD 31,Andrew Yang,1278
Queens,AD 31,Art Chang,64
Queens,AD 31,Dianne Morales,284
Queens,AD 31,Eric L. Adams,8138
Queens,AD 31,Isaac Wright Jr.,58
Queens,AD 31,Joycelyn Taylor,40
Queens,AD 31,Kathryn A. Garcia,670
Queens,AD 31,Maya D. Wiley,2282
Queens,AD 31,Paperboy Love Prince,38
Queens,AD 31,Raymond J. McGuire,436
Queens,AD 31,Scott M. Stringer,460
Queens,AD 31,Shaun Donovan,480
Queens,AD 31,WRITE-IN,28
Queens,AD 32,Aaron S. Foldenauer,252
Queens,AD 32,Andrew Yang,1080
Queens,AD 32,Art Chang,70
Queens,AD 32,Dianne Morales,320
Queens,AD 32,Eric L. Adams,14908
Queens,AD 32,Isaac Wright Jr.,124
Queens,AD 32,Joycelyn Taylor,68
Queens,AD 32,Kathryn A. Garcia,592
Queens,AD 32,Maya D. Wiley,3392
Queens,AD 32,Paperboy Love Prince,26
Queens,AD 32,Raymond J. McGuire,728
Queens,AD 32,Scott M. Stringer,728
Queens,AD 32,Shaun Donovan,596
Queens,AD 32,WRITE-IN,24
Queens,AD 33,Aaron S. Foldenauer,284
Queens,AD 33,Andrew Yang,2046
Queens,AD 33,Art Chang,114
Queens,AD 33,Dianne Morales,444
Queens,AD 33,Eric L. Adams,16426
Queens,AD 33,Isaac Wright Jr.,106
Queens,AD 33,Joycelyn Taylor,98
Queens,AD 33,Kathryn A. Garcia,1466
Queens,AD 33,Maya D. Wiley,4462
Queens,AD 33,Paperboy Love Prince,56
Queens,AD 33,Raymond J. McGuire,724
Queens,AD 33,Scott M. Stringer,1162
Queens,AD 33,Shaun Donovan,738
Queens,AD 33,WRITE-IN,30
Queens,AD 34,Aaron S. Foldenauer,322
Queens,AD 34,Andrew Yang,2852
Queens,AD 34,Art Chang,264
Queens,AD 34,Dianne Morales,930
Queens,AD 34,Eric L. Adams,3406
Queens,AD 34,Isaac Wright Jr.,32
Queens,AD 34,Joycelyn Taylor,50
Queens,AD 34,Kathryn A. Garcia,3134
Queens,AD 34,Maya D. Wiley,4104
Queens,AD 34,Paperboy Love Prince,74
Queens,AD 34,Raymond J. McGuire,232
Queens,AD 34,Scott M. Stringer,1000
Queens,AD 34,Shaun Donovan,520
Queens,AD 34,WRITE-IN,36
Queens,AD 35,Aaron S. Foldenauer,196
Queens,AD 35,Andrew Yang,2024
Queens,AD 35,Art Chang,120
Queens,AD 35,Dianne Morales,440
Queens,AD 35,Eric L. Adams,4136
Queens,AD 35,Isaac Wright Jr.,38
Queens,AD 35,Joycelyn Taylor,44
Queens,AD 35,Kathryn A. Garcia,1074
Queens,AD 35,Maya D. Wiley,1768
Queens,AD 35,Paperboy Love Prince,32
Queens,AD 35,Raymond J. McGuire,194
Queens,AD 35,Scott M. Stringer,496
Queens,AD 35,Shaun Donovan,336
Queens,AD 35,WRITE-IN,38
Queens,AD 36,Aaron S. Foldenauer,202
Queens,AD 36,Andrew Yang,2718
Queens,AD 36,Art Chang,404
Queens,AD 36,Dianne Morales,980
Queens,AD 36,Eric L. Adams,2856
Queens,AD 36,Isaac Wright Jr.,30
Queens,AD 36,Joycelyn Taylor,56
Queens,AD 36,Kathryn A. Garcia,6078
Queens,AD 36,Maya D. Wiley,10070
Queens,AD 36,Paperboy Love Prince,168
Queens,AD 36,Raymond J. McGuire,324
Queens,AD 36,Scott M. Stringer,1322
Queens,AD 36,Shaun Donovan,650
Queens,AD 36,WRITE-IN,52
Queens,AD 37,Aaron S. Foldenauer,238
Queens,AD 37,Andrew Yang,3234
Queens,AD 37,Art Chang,312
Queens,AD 37,Dianne Morales,1030
Queens,AD 37,Eric L. Adams,4842
Queens,AD 37,Isaac Wright Jr.,60
Queens,AD 37,Joycelyn Taylor,108
Queens,AD 37,Kathryn A. Garcia,5462
Queens,AD 37,Maya D. Wiley,8170
Queens,AD 37,Paperboy Love Prince,226
Queens,AD 37,Raymond J. McGuire,450
Queens,AD 37,Scott M. Stringer,1258
Queens,AD 37,Shaun Donovan,570
Queens,AD 37,WRITE-IN,60
Queens,AD 38,Aaron S. Foldenauer,238
Queens,AD 38,Andrew Yang,2016
Queens,AD 38,Art Chang,170
Queens,AD 38,Dianne Morales,686
Queens,AD 38,Eric L. Adams,3172
Queens,AD 38,Isaac Wright Jr.,14
Queens,AD 38,Joycelyn Taylor,40
Queens,AD 38,Kathryn A. Garcia,1788
Queens,AD 38,Maya D. Wiley,2848
Queens,AD 38,Paperboy Love Prince,162
Queens,AD 38,Raymond J. McGuire,188
Queens,AD 38,Scott M. Stringer,670
Queens,AD 38,Shaun Donovan,348
Queens,AD 38,WRITE-IN,30
Queens,AD 39,Aaron S. Foldenauer,244
Queens,AD 39,Andrew Yang,2082
Queens,AD 39,Art Chang,228
Queens,AD 39,Dianne Morales,726
Queens,AD 39,Eric L. Adams,2000
Queens,AD 39,Isaac Wright Jr.,26
Queens,AD 39,Joycelyn Taylor,38
Queens,AD 39,Kathryn A. Garcia,2052
Queens,AD 39,Maya D. Wiley,2422
Queens,AD 39,Paperboy Love Prince,44
Queens,AD 39,Raymond J. McGuire,148
Queens,AD 39,Scott M. Stringer,568
Queens,AD 39,Shaun Donovan,302
Queens,AD 39,WRITE-IN,24
Queens,AD 40,Aaron S. Foldenauer,200
Queens,AD 40,Andrew Yang,6012
Queens,AD 40,Art Chang,520
Queens,AD 40,Dianne Morales,320
Queens,AD 40,Eric L. Adams,2340
Queens,AD 40,Isaac Wright Jr.,16
Queens,AD 40,Joycelyn Taylor,54
Queens,AD 40,Kathryn A. Garcia,1388
Queens,AD 40,Maya D. Wiley,1256
Queens,AD 40,Paperboy Love Prince,40
Queens,AD 40,Raymond J. McGuire,158
Queens,AD 40,Scott M. Stringer,716
Queens,AD 40,Shaun Donovan,290
Queens,AD 40,WRITE-IN,50
Richmond,AD 61,Aaron S. Foldenauer,142
Richmond,AD 61,Andrew Yang,2304
Richmond,AD 61,Art Chang,120
Richmond,AD 61,Dianne Morales,610
Richmond,AD 61,Eric L. Adams,8172
Richmond,AD 61,Isaac Wright Jr.,80
Richmond,AD 61,Joycelyn Taylor,90
Richmond,AD 61,Kathryn A. Garcia,3412
Richmond,AD 61,Maya D. Wiley,3624
Richmond,AD 61,Paperboy Love Prince,98
Richmond,AD 61,Raymond J. McGuire,524
Richmond,AD 61,Scott M. Stringer,1298
Richmond,AD 61,Shaun Donovan,608
Richmond,AD 61,WRITE-IN,52
Richmond,AD 62,Aaron S. Foldenauer,34
Richmond,AD 62,Andrew Yang,1898
Richmond,AD 62,Art Chang,74
Richmond,AD 62,Dianne Morales,198
Richmond,AD 62,Eric L. Adams,1814
Richmond,AD 62,Isaac Wright Jr.,2
Richmond,AD 62,Joycelyn Taylor,32
Richmond,AD 62,Kathryn A. Garcia,2522
Richmond,AD 62,Maya D. Wiley,854
Richmond,AD 62,Paperboy Love Prince,40
Richmond,AD 62,Raymond J. McGuire,192
Richmond,AD 62,Scott M. Stringer,892
Richmond,AD 62,Shaun Donovan,394
Richmond,AD 62,WRITE-IN,78
Richmond,AD 63,Aaron S. Foldenauer,80
Richmond,AD 63,Andrew Yang,2758
Richmond,AD 63,Art Chang,108
Richmond,AD 63,Dianne Morales,312
Richmond,AD 63,Eric L. Adams,4144
Richmond,AD 63,Isaac Wright Jr.,26
Richmond,AD 63,Joycelyn Taylor,36
Richmond,AD 63,Kathryn A. Garcia,2652
Richmond,AD 63,Maya D. Wiley,1542
Richmond,AD 63,Paperboy Love Prince,62
Richmond,AD 63,Raymond J. McGuire,284
Richmond,AD 63,Scott M. Stringer,1224
Richmond,AD 63,Shaun Donovan,532
Richmond,AD 63,WRITE-IN,36
Richmond,AD 64,Aaron S. Foldenauer,50
Richmond,AD 64,Andrew Yang,1660
Richmond,AD 64,Art Chang,84
Richmond,AD 64,Dianne Morales,224
Richmond,AD 64,Eric L. Adams,1764
Richmond,AD 64,Isaac Wright Jr.,22
Richmond,AD 64,Joycelyn Taylor,10
Richmond,AD 64,Kathryn A. Garcia,1850
Richmond,AD 64,Maya D. Wiley,846
Richmond,AD 64,Paperboy Love Prince,36
Richmond,AD 64,Raymond J. McGuire,166
Richmond,AD 64,Scott M. Stringer,628
Richmond,AD 64,Shaun Donovan,340
Richmond,AD 64,WRITE-IN,48
